index,file_name,label
0,Arizona sunset with creosote bush_preview.mp4,"sunset, cloud"
1,_import_616e7f78a17260.13545125_preview.mp4,"sunset, cloud"
2,200506_Kitchen Food_04_4k_032_preview.mp4,"sunset, cloud"
3,Pordeitev_smrek_preview.mp4,"sunset, cloud"
4,City street time lapse-H264 75_preview.mp4,"sunset, cloud"
5,GREEN_SCREEN_ANIMALS__ALPACA_preview.mp4,"sunset, cloud"
6,180607_A_122_preview.mp4,"sunset, cloud"
7,Germany mud and grass in the Wadden Sea_preview.mp4,"sunset, cloud"
8,Washington Silver Lake after sunset pan_preview.mp4,"sunset, cloud"
9,earth_water_and_sky_timelapse_preview.mp4,"sunset, cloud"
10,California flowering shrub in forest_preview.mp4,"sunset, cloud"
11,Germany Wadden Sea zoom in to last of sunset_preview.mp4,"sunset, cloud"
12,190625_08_RooftopFlightMisc_Drone_27_preview.mp4,"sunset, cloud"
13,000987148-waikiki-street-scene-and-build_preview.mp4,"sunset, cloud"
14,000984905-honolulu-skyline-clouds_preview.mp4,"sunset, cloud"
15,000939318-cincinnati-bridge-evening-cars_preview.mp4,"sunset, cloud"
16,210603_02_July 4_4k_008_preview.mp4,"sunset, cloud"
17,Water_3_150fps_videvo_preview.mp4,"sunset, cloud"
18,Canada Hopewell Rocks Bay of Fundy big cloud just before sunset_preview.mp4,"sunset, cloud"
19,Florida Key West sun red at sunset time lapse_preview.mp4,"sunset, cloud"
20,220615_07_Summer_4k_027_preview.mp4,"sunset, cloud"
21,New Zealand cloud and driftwood Moeraki_preview.mp4,"sunset, cloud"
22,heavyweather_preview.mp4,"sunset, cloud"
23,Mykonos_5_preview.mp4,"sunset, cloud"
24,200520_Kim Sydney_01_4k_036_preview.mp4,"sunset, cloud"
25,_import_62c66a318912d7.10566061_preview.mp4,"sunset, cloud"
26,Mexico Huatulco man rides scooter on walkway_preview.mp4,"sunset, cloud"
27,000745494-florida-anhinga-dead-tree_preview.mp4,"sunset, cloud"
28,210121_01_Oxford Flooding_4k_022_preview.mp4,"sunset, cloud"
29,170609_D_Varanasi_003_preview.mp4,"sunset, cloud"
30,_import_612895507f07b6.40498971_preview.mp4,"sunset, cloud"
31,Blurred_Dance_Floor_preview.mp4,"sunset, cloud"
32,200207_London Streets_1_4k_065_preview.mp4,"sunset, cloud"
33,210613_01_Drone Cogges_4k_011_preview.mp4,"sunset, cloud"
34,_import_610116784e1d62.13056130_preview.mp4,"sunset, cloud"
35,_import_62a317a25b1948.52092175_preview.mp4,"sunset, cloud"
36,Squirrel_Monkey_on_Breach_preview.mp4,"sunset, cloud"
37,Jellyfish moves toward rocks_preview.mp4,"sunset, cloud"
38,New Zealand mountains and clouds_preview.mp4,"sunset, cloud"
39,_import_61289a56d4c477.72334296_preview.mp4,"sunset, cloud"
40,160820_279_NYC_DowntownSunset3_1080p_preview.mp4,"sunset, cloud"
41,_import_60c057c4a9bb92.70321955_preview.mp4,"sunset, cloud"
42,170728_Berlin_C_022_preview.mp4,"sunset, cloud"
43,200520_Kim Sydney_01_4k_009_preview.mp4,"sunset, cloud"
44,_import_61de6244083ac0.96033932_preview.mp4,"sunset, cloud"
45,creek_in_slowmotion1_preview.mp4,"sunset, cloud"
46,190408_01_Alaska_Landscapes1_05_preview.mp4,"sunset, cloud"
47,_import_61654deeef5b64.29911119_preview.mp4,"sunset, cloud"
48,180607_A_088_preview.mp4,"sunset, cloud"
49,210603_03_July 4_4k_004_preview.mp4,"sunset, cloud"
50,P1250020_00_00_0100_00_06_preview.mp4,"sunset, cloud"
51,FoodPack1_01_Videvo_preview.mp4,"sunset, cloud"
52,005495163-white-flower_preview.mp4,"sunset, cloud"
53,Chile Aisen Fjord view_preview.mp4,"sunset, cloud"
54,_import_62ca6b3eeb5426.00786373_preview.mp4,"sunset, cloud"
55,Ducklings_preview.mp4,"sunset, cloud"
56,reed1_preview.mp4,"sunset, cloud"
57,_import_62c7c6bf70f7f3.91095751_preview.mp4,"sunset, cloud"
58,171124_C2_UHD_002_preview.mp4,"sunset, cloud"
59,190712_Cornwall_HD_11_preview.mp4,"sunset, cloud"
60,170724_41_Surfersfromabove_preview.mp4,"sunset, cloud"
61,000985481-hydrangeas-and-gazebo-maui_preview.mp4,"sunset, cloud"
62,200625_01_bees_004_preview.mp4,"sunset, cloud"
63,_import_62a43699b31a84.52474335_preview.mp4,"sunset, cloud"
64,Florida Key West Southern most beach with tourists_preview.mp4,"sunset, cloud"
65,_import_614eec7a926421.45456331_preview.mp4,"sunset, cloud"
66,180825_02_02_preview.mp4,"sunset, cloud"
67,_import_6128991e757991.79992470_preview.mp4,"sunset, cloud"
68,170609_E_Varanasi_028_preview.mp4,"sunset, cloud"
69,_Massachusetts Salem Witch's House with sign_preview.mp4,"sunset, cloud"
70,160410_46_LA_Motorway_5_1080p_preview.mp4,"sunset, cloud"
71,Arizona palms and grey sky_preview.mp4,"sunset, cloud"
72,Wind Turbine 2-Stock Video_preview.mp4,"sunset, cloud"
73,Close up of lake -H264 75_preview.mp4,"sunset, cloud"
74,Falls3_preview.mp4,"sunset, cloud"
75,190802_05_PlasticPollution_HD_10_preview.mp4,"sunset, cloud"
76,200415_03_Batch_05_006_preview.mp4,"sunset, cloud"
77,040602606-canada-athabasca-glacier-movin_preview.mp4,"sunset, cloud"
78,170804_B_Lombok_003_preview.mp4,"sunset, cloud"
79,Ireland County Kerry Killorglin man crosses street_preview.mp4,"sunset, cloud"
80,_Argentina Purmamarca zooms on market cart_preview.mp4,"sunset, cloud"
81,190802_19_06_preview.mp4,"sunset, cloud"
82,Chile Valparaiso pilot boat goes by_preview.mp4,"sunset, cloud"
83,hd1119_preview.mp4,"sunset, cloud"
84,200506_Kitchen Food_05_4k_043_preview.mp4,"sunset, cloud"
85,210518_06_Camera DIY_2k_006_preview.mp4,"sunset, cloud"
86,Distant_Waterfall_Mt_Ranier_preview.mp4,"sunset, cloud"
87,ScenicOceanBeach_1_preview.mp4,"sunset, cloud"
88,_import_62a58dfa0a2971.36532340_preview.mp4,"sunset, cloud"
89,_import_6157ebf780e902.15891837_preview.mp4,"sunset, cloud"
90,200223_Cafe_03_26_preview.mp4,"sunset, cloud"
91,000764644-sunset-and-boat_preview.mp4,"sunset, cloud"
92,Oregon Deschutes River ducks swimming_preview.mp4,"sunset, cloud"
93,Flowers bright red tulip_preview.mp4,"sunset, cloud"
94,Fig tree top zooms out_preview.mp4,"sunset, cloud"
95,Mexico Huatulco looking down on beach and town_preview.mp4,"sunset, cloud"
96,_California couple inspect a blooming Beavertail cactus_preview.mp4,"sunset, cloud"
97,Georgia Okefenokee cypress trees against orange sky_preview.mp4,"sunset, cloud"
98,_California San Francisco streets in shadow_preview.mp4,"sunset, cloud"
99,New Orleans Commanders Palace in Garden District_preview.mp4,"sunset, cloud"
100,210616_04_Staycation_4k_012_preview.mp4,"cloud, sunset"
101,_Costa Rica Golden Birdwing butterfly feeds on a red flower_preview.mp4,"cloud, sunset"
102,_import_617a4fe9c30c80.39525646_preview.mp4,"cloud, sunset"
103,France Argentiere church and cross with Alps_preview.mp4,"cloud, sunset"
104,200207_London Streets_1_4k_093_preview.mp4,"cloud, sunset"
105,170209D_039_Diving_1080p_preview.mp4,"cloud, sunset"
106,024691030-sunset-clouds-wyoming_preview.mp4,"cloud, sunset"
107,_import_62b0244d09af01.32593025_preview.mp4,"cloud, sunset"
108,Germany man throws ball for dog at low tide on the Wadden sea_preview.mp4,"cloud, sunset"
109,026234704-time-lapse-cloud-streamers-wis_preview.mp4,"cloud, sunset"
110,170216A_001_Alpaca1_1080p_preview.mp4,"cloud, sunset"
111,4k_Tilt_of_Waterfall_preview.mp4,"cloud, sunset"
112,_import_62b00c435e3261.15265927_preview.mp4,"cloud, sunset"
113,_import_62ba93f5c1a178.10596314_preview.mp4,"cloud, sunset"
114,_import_62bff14a61f762.48345820_preview.mp4,"cloud, sunset"
115,Lake_Mountain_Timelapse_preview.mp4,"cloud, sunset"
116,_import_6065d325ab7a48.42065204_preview.mp4,"cloud, sunset"
117,150412_01_SeaSlowMotion_BW_1080p_preview.mp4,"cloud, sunset"
118,026101097-clouds-moving-over-flat-plain_preview.mp4,"cloud, sunset"
119,040613180-british-columbia-mount-robson-_preview.mp4,"cloud, sunset"
120,Florida Everglades Eco Pond with reflection and bird_preview.mp4,"cloud, sunset"
121,171124_I1_004_preview.mp4,"cloud, sunset"
122,_California San Francisco passing commercial buildings_preview.mp4,"cloud, sunset"
123,_import_62bbf47605de44.36784975_preview.mp4,"cloud, sunset"
124,190301_02_KenyaWildlife_03_preview.mp4,"cloud, sunset"
125,220507_01_Nature 1_4k_033_preview.mp4,"cloud, sunset"
126,_import_60c98990d41000.24640210_preview.mp4,"cloud, sunset"
127,Ireland Doolin view with steers and stone wall_preview.mp4,"cloud, sunset"
128,7_lavender_free1_preview.mp4,"cloud, sunset"
129,American Samoa ginger plant_preview.mp4,"cloud, sunset"
130,_import_61500a3412b026.38826220_preview.mp4,"cloud, sunset"
131,200506_Kitchen Food_04_4k_019_preview.mp4,"cloud, sunset"
132,000985854-upcountry-view-island-maui_preview.mp4,"cloud, sunset"
133,Oregon highway under clouds time lapse_preview.mp4,"cloud, sunset"
134,_California San Francisco men turn cable car_preview.mp4,"cloud, sunset"
135,France Mont Blanc with clouds time lapse_preview.mp4,"cloud, sunset"
136,181004_21_WATERDEVELOPMENT_07_preview.mp4,"cloud, sunset"
137,000984040-steeple-church-kona-hawaii_preview.mp4,"cloud, sunset"
138,190625_07_RooftopFlightNight_Drone_15_preview.mp4,"cloud, sunset"
139,_import_62c7cd28c70145.12171020_preview.mp4,"cloud, sunset"
140,PiccadillyCircusNightVidevo_preview.mp4,"cloud, sunset"
141,Montana view of Missouri headwaters at Three Forks_preview.mp4,"cloud, sunset"
142,guadeloupe_french_angelfish_preview.mp4,"cloud, sunset"
143,Canada Nova Scotia forest under cloudy sky pan_preview.mp4,"cloud, sunset"
144,_import_62c2a8de886981.70065660_preview.mp4,"cloud, sunset"
145,Venice_Sunset_HDmovie_1591370022_preview.mp4,"cloud, sunset"
146,_Iowa an autumn view toward the Missouri River_preview.mp4,"cloud, sunset"
147,161212_087_Vietnam_1080p96fps_preview.mp4,"cloud, sunset"
148,210616_02_Staycation_4k_061_preview.mp4,"cloud, sunset"
149,_Wisconsin sunset on Mississippi_preview.mp4,"cloud, sunset"
150,creek_in_slowmotion2_preview.mp4,"cloud, sunset"
151,181015_15b_Venice Canals_HD_01_preview.mp4,"cloud, sunset"
152,211203_02_Christmas Food_4k_006_preview.mp4,"cloud, sunset"
153,Chickens_Outside_03_preview.mp4,"cloud, sunset"
154,_Costa Rica rainforest large leaves block view on occasion_preview.mp4,"cloud, sunset"
155,_import_60cc306eb3ab91.13245739_preview.mp4,"cloud, sunset"
156,Mexico Guanajuato statue and people_preview.mp4,"cloud, sunset"
157,Choppy_Sea_3_preview.mp4,"cloud, sunset"
158,_import_614f0884e972e2.19041194_preview.mp4,"cloud, sunset"
159,France Mont Blanc les Bossons Glacier zoom out_preview.mp4,"cloud, sunset"
160,Chile Estero de Castro coast and cloud_preview.mp4,"cloud, sunset"
161,Rarotonga lagoon Muri Beach sky_preview.mp4,"cloud, sunset"
162,Washington evening clouds pink time lapse_preview.mp4,"cloud, sunset"
163,hd0057-H264 75_preview.mp4,"cloud, sunset"
164,_Estonia Tallinn family walking in the rain_preview.mp4,"cloud, sunset"
165,190802_05_PlasticPollution_HD_07_preview.mp4,"cloud, sunset"
166,France Mont Blanc zooms in from highway_preview.mp4,"cloud, sunset"
167,SunsetBoat720p_preview.mp4,"cloud, sunset"
168,_California San Francisco traffic with bicycle and busses_preview.mp4,"cloud, sunset"
169,New Orleans French Quarter line and bike evening_preview.mp4,"cloud, sunset"
170,Georgia Okefenokee reflections in scummy water pan_preview.mp4,"cloud, sunset"
171,220518_02_Woods_4k_003_preview.mp4,"cloud, sunset"
172,Ireland County Kerry Killorglin man crosses street pan_preview.mp4,"cloud, sunset"
173,181015_05c_GriffithObservatory_HD_003_preview.mp4,"cloud, sunset"
174,_import_62aec63ac22bb7.85561144_preview.mp4,"cloud, sunset"
175,190111_04_TaksinBridge_Drone_12_preview.mp4,"cloud, sunset"
176,171124_I1_011_preview.mp4,"cloud, sunset"
177,Chile Chiloe palafitos in the Gamboa district of Castro_preview.mp4,"cloud, sunset"
178,California smoke in evening sky_preview.mp4,"cloud, sunset"
179,_import_61288191454cd9.22449365_preview.mp4,"cloud, sunset"
180,190416_10_Drone1_11_preview.mp4,"cloud, sunset"
181,Aitutaki blue green lagoon with rippling water_preview.mp4,"cloud, sunset"
182,171124_I1_009_preview.mp4,"cloud, sunset"
183,_import_62ca6cee1e5783.29058702_preview.mp4,"cloud, sunset"
184,Arizona desert shrubs and clouds_preview.mp4,"cloud, sunset"
185,Sqirrel_Eats_Wide_preview.mp4,"cloud, sunset"
186,Sunsat___8_1596540777_preview.mp4,"cloud, sunset"
187,_Pennsylvania West Chester street_preview.mp4,"cloud, sunset"
188,180825_08_garden_preview.mp4,"cloud, sunset"
189,200520_Kim Sydney_01_4k_008_preview.mp4,"cloud, sunset"
190,P1000227_Trim_1591402552_preview.mp4,"cloud, sunset"
191,210804_01_Dog Walk_4k_024_preview.mp4,"cloud, sunset"
192,170609_F_Varanasi_071_preview.mp4,"cloud, sunset"
193,_import_61dd13ed2cad44.96373891_preview.mp4,"cloud, sunset"
194,011004318-spain-storks-nest_preview.mp4,"cloud, sunset"
195,Luna_00001_preview.mp4,"cloud, sunset"
196,Airplanewing1_preview.mp4,"cloud, sunset"
197,200116_Lens effect_4k_040_preview.mp4,"cloud, sunset"
198,039742171-cusco-street-plaza-and-church_preview.mp4,"cloud, sunset"
199,000984908-honolulu-skyline-above_preview.mp4,"cloud, sunset"
200,Guatemala tugboat in late evening_preview.mp4,food
201,161212_002_Vietnam_1080p96fps_preview.mp4,food
202,_import_62623747cb91d7.21560951_preview.mp4,food
203,210804_01_Dog Walk_4k_001_preview.mp4,food
204,170804_C_Lombok_026_preview.mp4,food
205,180607_A_086_preview.mp4,food
206,000692230-panama-canal-clouds-over-gatun_preview.mp4,food
207,190301_02_KenyaWildlife_27_preview.mp4,food
208,DeerWalking_preview.mp4,food
209,Canada rocks and blue sky_preview.mp4,food
210,170609_D_Varanasi_002_preview.mp4,food
211,_import_60ee8c5e26e572.61397245_preview.mp4,food
212,190614_09_CamelYurts_UHD_01_preview.mp4,food
213,200415_03_Batch_05_007_preview.mp4,food
214,170728_Berlin_A_012_preview.mp4,food
215,Oregon Deschutes River with huge rock_preview.mp4,food
216,_North Carolina tilts up fall trees_preview.mp4,food
217,_import_61554f890f8993.83985142_preview.mp4,food
218,_import_61a9ade7a970a6.73839300_preview.mp4,food
219,161212_056_Vietnam_1080p96fps_preview.mp4,food
220,_import_62a30e774d71a7.11740613_preview.mp4,food
221,Parasailing_1_preview.mp4,food
222,SeagullsMediumAltMaster_preview.mp4,food
223,New Zealand path and wave clouds Lake Dunstan_preview.mp4,food
224,alyssahuberfilms_Ocean_Waves_at_Sunset_HD_Stock_Clip_preview.mp4,food
225,150412_07_SeaSlowMotion_BWCC_1080p_preview.mp4,food
226,170628_009_preview.mp4,food
227,170724_01_Wavesfromabove_preview.mp4,food
228,MVI_1483_preview.mp4,food
229,Iceland Haukadalur geothermal people watch geyser erupting_preview.mp4,food
230,026205312-greenland-ice-fjord-c09_preview.mp4,food
231,_import_62a3141f4b2347.28274638_preview.mp4,food
232,Spain Serrania de Cuenca Una lagoon with brown reeds_preview.mp4,food
233,Texas Austin Capitol building in evening zoom in_preview.mp4,food
234,039818055-canada-icefields-parkway-athab_preview.mp4,food
235,128255765-guatemala-flowers-decorate-int_preview.mp4,food
236,Germany flowering trees zooms in_preview.mp4,food
237,_Georgia Savannah view of river after sunset_preview.mp4,food
238,038804681-fire-grill_preview.mp4,food
239,000984827-honolulu-ala-moana-late-evenin_preview.mp4,food
240,200506_kitchen Food_02_4k_019_preview.mp4,food
241,220507_01_Nature 1_4k_028_preview.mp4,food
242,170609_B_DelhiJamaMasjid_006_preview.mp4,food
243,181015_05b_GriffithObservatory_13_preview.mp4,food
244,_import_62ad8960dcd171.05889245_preview.mp4,food
245,190802_17a_HD_33_preview.mp4,food
246,Oregon Portland south park art museum_preview.mp4,food
247,water_bubbles_preview.mp4,food
248,008608165-andalusia-salobrena-vies_preview.mp4,food
249,034660478-berlin-reichstag-backlit-drama_preview.mp4,food
250,_import_62bff30ce09103.56298710_preview.mp4,food
251,Canada broad view Bay of Fundy_preview.mp4,food
252,010723413-massachusetts-salisbury-beach-_preview.mp4,food
253,210521_01_Oxford Rain_4k_004_preview.mp4,food
254,220507_05_Nature 1_4k_012_preview.mp4,food
255,_import_60dd4fe459e568.98073769_preview.mp4,food
256,211212_07_Jakarta_4k_058_preview.mp4,food
257,024687499-west-virginia-huntington-flood_preview.mp4,food
258,Japan_preview.mp4,food
259,_import_61de62f29214e6.07423532_preview.mp4,food
260,Texas Austin Capitol building after sunset_preview.mp4,food
261,026358200-utah-capitol-reef-clouds-time-_preview.mp4,food
262,RooftopClouds_preview.mp4,food
263,Yellowstone lower falls of the river_preview.mp4,food
264,_import_61c96e0214e918.38022068_preview.mp4,food
265,_import_60d0300d31a395.58288371_preview.mp4,food
266,Incline_Overlook_preview.mp4,food
267,flor_preview.mp4,food
268,200506_Kitchen Food_04_4k_014_preview.mp4,food
269,Canada Vancouver red scaffolding_preview.mp4,food
270,_Florida Miami traffic at sunset with birds_preview.mp4,food
271,Ireland County Galway Rinvyle road_preview.mp4,food
272,200401_Oil and Elements 32_13_preview.mp4,food
273,Florida Key West pelican sitting on post_preview.mp4,food
274,BokehNightDriving_preview.mp4,food
275,Montana clouds over trees_preview.mp4,food
276,Mexico Huatulco flowers and people_preview.mp4,food
277,_import_62c13eca8a91d0.54432958_preview.mp4,food
278,026237940-kansas-clouds-over-plains_preview.mp4,food
279,000691821-mexico-puerto-vallarta-ocean_preview.mp4,food
280,170804_C_Lombok_009_preview.mp4,food
281,Pull_Focus_Along_Groynes__Videvo_preview.mp4,food
282,Montana traffic on road past East Glacier town_preview.mp4,food
283,_import_616e761dd634a8.19634608_preview.mp4,food
284,220507_05_Nature 1_4k_002_preview.mp4,food
285,220518_01_Woods_4k_002_preview.mp4,food
286,Canada Nova Scotia low tide with edge of dock pan_preview.mp4,food
287,Arizona Tucson Mountain sun in evening_preview.mp4,food
288,Washington butterfly and mountain view_preview.mp4,food
289,New Zealand Moeraki view of bay_preview.mp4,food
290,_import_6177e0cf8036a4.37473265_preview.mp4,food
291,_import_616e5f6d5657b8.14622698_preview.mp4,food
292,170411A_13_Blossom_1080p_preview.mp4,food
293,211212_03_Jakarta_4k_083_preview.mp4,food
294,011004667-spain-three-storks-1_preview.mp4,food
295,210521_02_Oxford Rain_2k_001_preview.mp4,food
296,180607_A_015_preview.mp4,food
297,170216A_136_WomanDrivingCar_1080p_preview.mp4,food
298,220810_02_Football Still Life_4k_021_preview.mp4,food
299,190301_02_KenyaWildlife_40_preview.mp4,food
300,Germany Wismar buildings by the harbor with sidewalk cafe_preview.mp4,animal
301,210616_02_Staycation_4k_027_preview.mp4,animal
302,170804_B_Lombok_087_preview.mp4,animal
303,myrdalssandur_iceland_one_preview.mp4,animal
304,_Oregon Columbia Gorge Memeloose Overlook with flowers_preview.mp4,animal
305,Chile Puerto Chacabuco work boat passes hills_preview.mp4,animal
306,_import_628b56b464eb24.09712803_preview.mp4,animal
307,190416_13_MidlandsFarm_HD_002_preview.mp4,animal
308,Candastimelapse1_preview.mp4,animal
309,Texas Big Bend Chisos red sunset zoom in_preview.mp4,animal
310,_import_60e1425551f347.64507043_preview.mp4,animal
311,Cape_Perpetua_Oregon_Coast_preview.mp4,animal
312,Germany Tangermunde Rathhous and statue of Grete Munde beyond flowers_preview.mp4,animal
313,220518_01_Woods_4k_012_preview.mp4,animal
314,Oregon large cloud with rainbow_preview.mp4,animal
315,Germany river in Berchtesgaden zooms in_preview.mp4,animal
316,Mykonos_2_preview.mp4,animal
317,_import_60ee7b38b64dd9.92365586_preview.mp4,animal
318,210112_01_Covid Oxford_4k_060_preview.mp4,animal
319,_California San Francisco streetcar and bikes_preview.mp4,animal
320,_import_6184dfdc4a70a6.83520120_preview.mp4,animal
321,Ireland County Galway Rinvyle coast with rock_preview.mp4,animal
322,220507_05_Nature 1_4k_011_preview.mp4,animal
323,Oregon Columbia River backwater with dead branch pan_preview.mp4,animal
324,035727617-ukraine-crimean-coast-approach_preview.mp4,animal
325,170628_014_preview.mp4,animal
326,190802_17b_UHD_04_preview.mp4,animal
327,Northern Ireland Antrim zooms on tiny tide pool_preview.mp4,animal
328,026250895-kansas-wheat-and-windmills-tim_preview.mp4,animal
329,Alaska edge of northern forest zoom in_preview.mp4,animal
330,beach3_preview.mp4,animal
331,190802_17a_HD_21_preview.mp4,animal
332,New Zealand Catlins Tahakopa River_preview.mp4,animal
333,190312_04_PiazzaNavona_UHD_003_preview.mp4,animal
334,Fire_2_preview.mp4,animal
335,Germany road and car under cloudy sky_preview.mp4,animal
336,040979577-amazon-brazil-lowering-cloud-o_preview.mp4,animal
337,_import_6163cde71fb1f5.20419284_preview.mp4,animal
338,171124_D1_HD_011_preview.mp4,animal
339,200910_04_Oxford_4K_041_preview.mp4,animal
340,a46_preview.mp4,animal
341,_import_61652b85c628f3.82983087_preview.mp4,animal
342,190802_22_Drone_13_preview.mp4,animal
343,160410_25_Los_Angeles_Skyline_19_1080p_preview.mp4,animal
344,_import_627a05b8bba559.48832708_preview.mp4,animal
345,Oregon late evening sun time lapse_preview.mp4,animal
346,040642316-montana-grass-fire-and-weeds-s_preview.mp4,animal
347,200116_Lens effect_colour_4k_018_preview.mp4,animal
348,Louisiana car and atv by levee_preview.mp4,animal
349,_import_62c1427d614bc7.98321253_preview.mp4,animal
350,_import_6128976f7320b3.79014040_preview.mp4,animal
351,_import_61fa0fe6012086.49186503_preview.mp4,animal
352,Louisiana lake with landscaping_preview.mp4,animal
353,181217 _11_Munich_002_preview.mp4,animal
354,Porto_sunrise_preview.mp4,animal
355,France curious alpine clouds time lapse_preview.mp4,animal
356,_import_60d02f4d6e03b0.46854221_preview.mp4,animal
357,Samoa throwing coconuts_preview.mp4,animal
358,Light_amongst_the_leaves_CCBY_NatureClip_preview.mp4,animal
359,_Costa Rica rainforest looking down at cable cars_preview.mp4,animal
360,180607_A_100_preview.mp4,animal
361,hd0213_preview.mp4,animal
362,170609_D_Varanasi_060_1_preview.mp4,animal
363,_import_60e1445b155109.47450302_preview.mp4,animal
364,190802_17a_HD_32_preview.mp4,animal
365,TL_3_h264420_1080p_HQ_preview.mp4,animal
366,220514_01_London _4k_086_preview.mp4,animal
367,Bee__2825_preview.mp4,animal
368,Aitutaki sunset time lapse_preview.mp4,animal
369,190111_01_RatuchakNightMarket_Drone_007_preview.mp4,animal
370,190212_03_MarrakechKoutoubia_HD_07_preview.mp4,animal
371,200520_Kim Sydney_02_HD_020_preview.mp4,animal
372,Gardenstock_08_Videvo_preview.mp4,animal
373,California Anza Borrego flowers and view_preview.mp4,animal
374,_import_6065c57bb19250.58566001_preview.mp4,animal
375,_import_6167bc5d382852.84834620_preview.mp4,animal
376,MelbourneCBD1H264_preview.mp4,animal
377,160820_057_NYC_TaxisInRain4_1080p_preview.mp4,animal
378,_import_61dd12dd85adc0.99844289_preview.mp4,animal
379,011001413-spain-stork-and-church-2_preview.mp4,animal
380,rover_and_rocks_medium_preview.mp4,animal
381,200116_Lens effect_4k_074_preview.mp4,animal
382,200605_BLM US Protests_01_4k_002_preview.mp4,animal
383,New Orleans clouds over town_preview.mp4,animal
384,_import_62bbf158a280a4.97325197_preview.mp4,animal
385,_Argentina cloud above church_preview.mp4,animal
386,guadeloupe_urchins_lobster_preview.mp4,animal
387,_import_62a30d102a7524.67788324_preview.mp4,animal
388,_import_614ef0949b5446.23214321_preview.mp4,animal
389,Gardenstock_10_Videvo_preview.mp4,animal
390,Nightclub_DJ_Hands_in_Air_preview.mp4,animal
391,190802_01_MakokoStiltCommunity_HD_61_preview.mp4,animal
392,TimelapsephotographyFieldF21JamaJamon_preview.mp4,animal
393,Beach_evening_preview.mp4,animal
394,210804_01_Dog Walk_4k_017_preview.mp4,animal
395,161212_028_Vietnam_1080p96fps_preview.mp4,animal
396,200605_BLM US Protests_02_4k_038_preview.mp4,animal
397,Germany curving row in fruit orchard_preview.mp4,animal
398,Weeds and moving water_preview.mp4,animal
399,_Oregon coast sunset and drifting fog_preview.mp4,animal
400,_import_62c66af772cf47.68678045_preview.mp4,animal
401,PlayingWithPlane_preview.mp4,animal
402,Los Angeles skyline as night falls time lapse_preview.mp4,animal
403,201119_02_Cobnut Christmas_4k_001_preview.mp4,animal
404,180301_07_A_HongKongIsland_19_preview.mp4,animal
405,210603_03_July 4_4k_024_preview.mp4,animal
406,171124_G2_002_preview.mp4,animal
407,_import_61ce92ca0ddf90.72206355_preview.mp4,animal
408,_import_62c12501cd3f30.82606984_preview.mp4,animal
409,000939595-ecuador-weavings-otovalo-marke_preview.mp4,animal
410,Louisiana Mississippi in flood with levee_preview.mp4,animal
411,Big leaf maple flowers zoom in_preview.mp4,animal
412,040978892-amazon-river-flag-and-ship_preview.mp4,animal
413,_New York Goshen street scene with school bus_preview.mp4,animal
414,170804_B_Lombok_068_preview.mp4,animal
415,010896838-granada-isabel-columbus-statue_preview.mp4,animal
416,_Wisconsin sunset on Mississippi River_preview.mp4,animal
417,California Merced River rapids and weeds zooms in_preview.mp4,animal
418,190319_01_ClimateChange_013_preview.mp4,animal
419,170609_B_DelhiJamaMasjid_004_preview.mp4,animal
420,Rainbow_timelapse_CCBY_NatureClip_preview.mp4,animal
421,_import_61c95050076a95.79642391_preview.mp4,animal
422,rifugio_becco_preview.mp4,animal
423,_Oklahoma car in late evening_preview.mp4,animal
424,170509A_Vietnam_04_preview.mp4,animal
425,_import_62bbf21eafbd40.36684572_preview.mp4,animal
426,000464896-guatemala-antigua-church-festi_preview.mp4,animal
427,220507_05_Nature 1_4k_001_preview.mp4,animal
428,160929_066_London_Taxi3_1080p_preview.mp4,animal
429,210826_06_Family Outdoors_4k_043_preview.mp4,animal
430,Sydney_storm_preview.mp4,animal
431,Alaska spring shrub in wind_preview.mp4,animal
432,190111_16_MuayThaiTraining_HD_04_preview.mp4,animal
433,Ireland Dingle Peninsula road above sea cliffs pans and zooms_preview.mp4,animal
434,026202866-greenland-ice-fjord-mountains-_preview.mp4,animal
