path,labels
port_before_sunrise_preview.mp4,sunset
Louisiana speeding boat on Mississippi River_preview.mp4,cloud
170509A_Vietnam_03_preview.mp4,water
Croatia water on rocks at high tide pan_preview.mp4,water
Arizona zoom on sunset mountain_preview.mp4,sunset
_import_60d02948d5d725.11253653_preview.mp4,food
Flowers in park -H264 75_preview.mp4,flower
170609_B_DelhiJamaMasjid_054_preview.mp4,sunset
014965117-iceland-olafsfjordur-headland-_preview.mp4,car
_import_62c144f8bceab5.22089619_preview.mp4,food
Oregon cumulous cloud over Cannon Beach_preview.mp4,cloud. water
190802_17a_HD_40_preview.mp4,animal
180920_01_Cologne_02_preview.mp4,water
River_preview.mp4,water
New Zealand clouds over Mt Cook time lapse_preview.mp4,cloud
000985273-lake-michigan-upper-peninsula_preview.mp4,cloud
000693013-view-toward-skyscrapers_preview.mp4,water
Ireland a standing rock of limestone near the Burren shore_preview.mp4,water
lake_before_sunrise3_preview.mp4,sunset
_import_62ca6256159466.11484720_preview.mp4,food
New Zealand dark cloud over Lake Dunstan_preview.mp4,"cloud, water"
France Mont Blanc les Bossons Glacier view_preview.mp4,cloud
Idaho Shoshone Falls in fall with trees_preview.mp4,water
190301_02_KenyaWildlife_36_preview.mp4,animal
free_footage_11c_preview.mp4,car
160929_114_London_HMSBelfast_1080p_preview.mp4,water
Alaska Denali park tourists on path_preview.mp4,cloud
160929_044_London_BigBen2_1080p_preview.mp4,cloud
California clouds time lapse_preview.mp4,cloud
New Orleans ferry boat on the Mississippi_preview.mp4,water
_California San Francisco cable car enters turntable_preview.mp4,car
motionplaces flower-Oct2018_preview.mp4,flower
161212_052_Vietnam_1080p96fps_preview.mp4,food
lake_waves_and_boats_people__free_12s_preview.mp4,water
_import_62bd3f44432c89.21660927_preview.mp4,dance
Oregon Columbia River backwater branch in pond_preview.mp4,water
Daisy-Stock Video_preview.mp4,flower
Beach_sp1_H264_Videvo_preview.mp4,sunset
The_Flight_over_the_Lake_preview.mp4,cloud
_import_61eb903d4d7c42.69975501_preview.mp4,food
Oregon dawn over Crater Lake_preview.mp4,water
CloseupWaterfall3_preview.mp4,water
_import_62a30c94ebd558.82088264_preview.mp4,dance
Tajski_ribi_preview.mp4,sunset
Clouds_Over_the_City_3_Time_Lapse_preview.mp4,cloud
Mexico Huatulco evening with houses and boats_preview.mp4,water
180607_A_016_preview.mp4,water
Clouds At Sunset-H264 75_preview.mp4,cloud
Chile Smyth Channel reflection of rugged mountains_preview.mp4,cloud
024686597-nevada-yuccas_preview.mp4,flower
Arkansas Mammoth Spring water detail_preview.mp4,water
FerryComingtoDock2_1_preview.mp4,water
170609_E_Varanasi_022_preview.mp4,fire
Ireland Mullaghmore buildings on a street_preview.mp4,cloud
_import_628dc39bae13e6.08897269_preview.mp4,dance
010918338-spain-merida-aqueduct-miracles_preview.mp4,cloud
210303_01_Rural Walk_4k_015_preview.mp4,animal
190416_01_LlandudnoBeach_Drone_030_preview.mp4,"cloud, water"
_import_615fdc101b8d89.05791019_preview.mp4,sunset
170411A_23_Blossom_1080p_preview.mp4,flower
211212_07_Jakarta_4k_041_preview.mp4,car
190625_07_RooftopFlightNight_Drone_05_preview.mp4,car
France blooming trees in woods zoom in_preview.mp4,flower
_import_60c98768340bd4.69842985_preview.mp4,dance
Mexico Manzanillo waterfront zoom in_preview.mp4,"cloud, water"
181015_05b_GriffithObservatory_15_preview.mp4,sunset
181015_06_FourLevel_04_preview.mp4,car
170609_E_Varanasi_111_1_preview.mp4,fire
190408_MonarchLifecycle2_04_preview.mp4,animal
171124_H2_008_preview.mp4,water
Limousin_Cows_1__VIdevo_preview.mp4,animal
000763544-florida-boat-bay_preview.mp4,water
_import_613c3e41a95833.35503967_preview.mp4,food
190802_22_Drone_18_preview.mp4,sunset
Idaho view of Shoshone Falls_preview.mp4,water
GARDEN_SUMMER_2_preview.mp4,flower
_import_62b0222fe9e2f6.59740247_preview.mp4,dance
220507_01_Nature 1_4k_039_preview.mp4,flower
200506_Kitchen Food_03_4k_008_preview.mp4,food
Ducks_in_Sunset_preview.mp4,sunset
SunsetWavesWide_preview.mp4,sunset
Sqirrel_Eats_Close_preview.mp4,animal
Aquarium bottom fish_preview.mp4,water
Louisiana swamp boardwalk with man on scooter_preview.mp4,water
Penguins Nov12_preview.mp4,animal
FoodPack1_04_Videvo_preview.mp4,food
Female_Mallard_preview.mp4,water
_import_60c45a35cbc233.33813190_preview.mp4,water
160820_102_NYC_BrooklynBridgeSunset_1080p_preview.mp4,sunset
210804_01_Dog Walk_4k_030_preview.mp4,animal
000985859-maui-view-haleakala-4_preview.mp4,cloud
_Illinois small town main street_preview.mp4,car
200223_Cafe_03_14_preview.mp4,food
200605_BLM US Protests_01_4k_013_preview.mp4,car
_import_614efb3229e902.59139691_preview.mp4,sunset
220518_01_Woods_4k_010_preview.mp4,flower
190301_1_25_14_preview.mp4,animal
034655368-berlin-bahnhof-friedrichstrass_preview.mp4,car
Oregon beautiful clouds over sea_preview.mp4,cloud
_import_62a314e3575bd8.79997499_preview.mp4,dance
Italy Po Valley under clouds_preview.mp4,cloud
France Revel Belledonne church and WWI statue_preview.mp4,cloud
000985570-maui-lahaina-street-scene_preview.mp4,car
Montana Glacier National Park lake in sun_preview.mp4,cloud
200506_Kitchen Food_05_4k_044_preview.mp4,food
190312_21_StPetersBasilicaSquare_UHD_005_preview.mp4,sunset
201119_04_Cobnut Christmas_4k_017_preview.mp4,fire
024686456-idaho-snake-river-thousand-fal_preview.mp4,water
Oahu Honolulu harbor with airplane leaving_preview.mp4,sunset
Boxing_09Videvo_preview.mp4,water
0530_F1507_H2_008_Orcas_02_preview.mp4,water
SleepingBee-H264 75_preview.mp4,flower
Ireland snapdragons and leaves_preview.mp4,flower
_import_61289b8fc2d065.45490606_preview.mp4,sunset
_import_60e1438143f817.17126516_preview.mp4,car
Greece Crete Aegean Sea with tourist on rock_preview.mp4,water
Chile Punta Arenas zooms on street scene_preview.mp4,car
210603_02_July 4_4k_003_preview.mp4,food
002200816-st-thomas-runway-mov_preview.mp4,"cloud, water"
_import_616e8403090515.37900575_preview.mp4,animal
210603_02_July 4_4k_007_preview.mp4,food
Germany Wismar traffic and election poster_preview.mp4,car
026205318-greenland-ice-fjord-people-edi_preview.mp4,water
220507_01_Nature 1_4k_005_preview.mp4,flower
181015_13_Venice Beach Drone_04_preview.mp4,sunset
Green lemon on a tree_preview.mp4,food
FREEStockVideoDOWNLOADVictrolaRecordPlayer2PackHD_preview.mp4,dance
Spain Barcelona cruise ship docked_preview.mp4,flower
barras012_preview.mp4,water
_import_614efddbd19516.60448217_preview.mp4,car
Droplets_Videvo_preview.mp4,water
Ireland sheep on slope_preview.mp4,animal
_import_613c6de5ee0846.60838525_preview.mp4,food
New Orleans buggy goes down the street_preview.mp4,car
PoliceBoatPatrollingHarbour2Videvo_preview.mp4,water
_import_62c7ce01046979.01307962_preview.mp4,food
181015_09_Timelapses_06_preview.mp4,car
190301_02_KenyaWildlife_26_preview.mp4,animal
Washington Seattle buildings of skyline by water_preview.mp4,water
_import_62c1423a8d2765.91564446_preview.mp4,food
039817929-canada-athabasca-glacier-drama_preview.mp4,cloud
DSCN0569rain_preview.mp4,water
190111_11_ChinaTown_HD_004_preview.mp4,fire
A0271_F1506_H2_Bridge_with_bike_AM_WA_pan_preview.mp4,water
Croatia Lovran rocks and water_preview.mp4,water
Georgia Okefenokee clouds over forest_preview.mp4,sunset
Cell_Tower_at_Sunset_CLOSE_preview.mp4,"cloud, sunset"
_North Carolina view at Mile High Overlook_preview.mp4,cloud
_import_61dd0eda11d195.77389081_preview.mp4,car
_import_616e6f098a5c54.58213374_preview.mp4,animal
Germany sun on water of Wadden Sea_preview.mp4,water
Canada Bay of Fundy curved beach_preview.mp4,cloud
Ireland Doolin view with stone wall_preview.mp4,animal
_import_62a584fa595768.31556786_preview.mp4,dance
hd0588_preview.mp4,"cloud, sunset"
barbecue_2_preview.mp4,food
Canada Nova Scotia car approaching on highway_preview.mp4,cloud
000985632-lanai-waves-and-cloud_preview.mp4,"cloud, water"
_import_6207416ea00a28.78733137_preview.mp4,food
011095672-chile-hollyhock-s1_preview.mp4,flower
Oregon jet contrails above La Pine pan_preview.mp4,cloud
_import_62a3185725f401.40534811_preview.mp4,dance
211004_02B_Bali_4k_009_preview.mp4,water
_import_60bf1b2460e635.70222225_preview.mp4,car
011057265-patagonia-beagle-channel-view_preview.mp4,"cloud, water"
Georgia Okefenokee dramatic setting sun and orange sky_preview.mp4,sunset
_Iowa Burlington rail yards with train_preview.mp4,car
181015_06_FourLevel_03_preview.mp4,car
_import_62c7cdc8224a01.35117630_preview.mp4,food
Gardenstock_03_Videvo_preview.mp4,flower
190408_10_MonarchLifecycle3_12_preview.mp4,flower
190408_04_AmericanLandscapes1_05_preview.mp4,sunset
Taveta_Weaver_CloseUp_preview.mp4,animal
170609_A_Delhi_074_1_preview.mp4,food
171124_G1_033_preview.mp4,sunset
_import_613c654a17ad52.70715239_preview.mp4,food
_Arizona Navajo Reservation jet contrails_preview.mp4,car
mongfolija2_preview.mp4,cloud
190111_TL_1_12_preview.mp4,car
160606_MontBlanc_CableCar_1080p_preview.mp4,"cloud, sunset"
Cape_Perpetua_Oregon_Coast_Pt_2_preview.mp4,water
211028_06_Christmas Bar_4K_018_preview.mp4,dance
200412_02_Fire4K_08_preview.mp4,fire
Canada Ranger helps tourists at Hopewell Rocks_preview.mp4,dance
ChinaPeacock_preview.mp4,animal
211025_10_C_Kids in Studio_HD_009_preview.mp4,dance
California fountain with pink flowers and people_preview.mp4,water
_Georgia cars pass on country highway_preview.mp4,car
180607_A_025_preview.mp4,"cloud, water"
160825_05_Sunflowers3_1080p_preview.mp4,flower
200612_Making Pizza_01_4k_026_preview.mp4,food
220507_05_Nature 1_4k_005_preview.mp4,flower
190312_26_PiazzaVenezia_Drone_007_preview.mp4,cloud
_import_60bf2490d519d8.48380607_preview.mp4,flower
LobsterinTankH264_preview.mp4,water
190212_03_MarrakechKoutoubia_HD_12_preview.mp4,sunset
Small_river_preview.mp4,water
190802_01_MakokoStiltCommunity_HD_57_preview.mp4,water
200923_03_Birmingham_4k_023_preview.mp4,car
170728_Berlin_A_018_preview.mp4,sunset
024690993-wyoming-sunset-jet-contrail-ov_preview.mp4,cloud
181015_05a_Griffith Observatory Drone_09_preview.mp4,car
200910_02_Oxford_4K_042_preview.mp4,flower
000984125-marina-kona-coast-hawaii_preview.mp4,flower
181015_07a_Hollywood_UHD_013_preview.mp4,car
190408_04_AmericanLandscapes1_06_preview.mp4,sunset
New Zealand two types of clouds sun rays time lapse_preview.mp4,cloud
the_beach_preview.mp4,water
Ireland Tullamore ramps to a canal bridge_preview.mp4,water
greypass009_preview.mp4,water
Fig tree in spring and looming clouds_preview.mp4,cloud
Montana mountains from the plains_preview.mp4,cloud
Waves_over_sand_at_dusk__Videvo_preview.mp4,water
190301_1_25_11_preview.mp4,animal
011110623-patagonia-owl-winks_preview.mp4,animal
200612_Making Pizza_01_4k_041_preview.mp4,food
Mississippi National Forest sign with dogwood_preview.mp4,flower
Montana cloud moving over snowy mountain_preview.mp4,cloud
_Argentina Salta cloud over tobacco field_preview.mp4,cloud
011130937-patagonia-chilean-fjords_preview.mp4,"cloud, water"
Louisiana Mississippi ferry leaving dock_preview.mp4,water
Beach rocks at dusk -H264 75_preview.mp4,water
Mexico San Julian view of arches palms and umbrellas_preview.mp4,car
JetSkiRiverSunset_preview.mp4,water
000692710-sunset-kathisma-beach_preview.mp4,water
Ireland County Kerry Killorglin town_preview.mp4,car
Canada Nova Scotia cloudy sky and distant houses pan_preview.mp4,cloud
191126_2_HD_Party_Cropped_10_preview.mp4,dance
210722_05_Festival_4k_073_preview.mp4,sunset
New Zealand Catlins Tautuku Bay with cloud_preview.mp4,"cloud, water"
181004_04_Dolphins-Whale_05_preview.mp4,water
_import_61784fbeb50dd0.74414094_preview.mp4,food
191126_2_HD_Party_Cropped_07_preview.mp4,dance
040615070-canadian-rockies-icefields-par_preview.mp4,cloud
Chile Smyth Channel sailboat on rugged coast_preview.mp4,water
210819_06_Health and Expressions_4k_024_preview.mp4,food
180116_01_01_preview.mp4,animal
CloseFallsTimelapse_1_preview.mp4,cloud
180607_A_036_preview.mp4,water
Nature rippling water_preview.mp4,water
190614_02_HellMouth_UHD_09_preview.mp4,fire
005501044-poinciana-flowers-wind_preview.mp4,flower
Mexico San Julian flowers and bicycles_preview.mp4,flower
Los Angeles skyline getting darker time lapse_preview.mp4,car
lake_before_sunrise2_preview.mp4,sunset
_import_62a42f010c5739.50703197_preview.mp4,dance
160725_181_Chicago_1080p_preview.mp4,water
New Zealand Lake Gunn reflections Fiordland_preview.mp4,water
190301_1_25_01_preview.mp4,car
190312_26_PiazzaVenezia_Drone_009_preview.mp4,sunset
Sequence_01_preview.mp4,water
011130883-amalia-glacier-people-ship_preview.mp4,water
_import_62aecdb5e85316.67090481_preview.mp4,dance
000939521-ecuador-crater-lake-view_preview.mp4,water
_Nevada Owyhee River_preview.mp4,"cloud, water"
Lavender_CCBY_NatureClip_preview.mp4,flower
France Alsace trees and clouds time lapse_preview.mp4,cloud
_import_612886ec24c325.97237293_preview.mp4,food
010918604-merida-aqueduct-miracles-flowe_preview.mp4,flower
Louisiana pink snapdragon_preview.mp4,flower
000937113-edge-sea-kilauea-lava-flow_preview.mp4,cloud
Aitutaki colorful kayaks on a beach by a lagoon zoom in_preview.mp4,water
_import_60646ce3ac9429.36732825_preview.mp4,sunset
GirlinWaves_preview.mp4,water
New Zealand clouds on horizon_preview.mp4,cloud
026349083-new-mexico-taos-landscape-time_preview.mp4,cloud
170609_F_Varanasi_010_preview.mp4,water
160820_049_NYC_RainStreet6_1080p_preview.mp4,car
France Mont Blanc view with street light zoom in_preview.mp4,cloud
_import_62c66f266e5c22.05088660_preview.mp4,food
_import_623563d066c5a7.19754478_preview.mp4,food
SunsetOverPortsmouthHarbourVidevo_preview.mp4,sunset
026357907-utah-capitol-reef-sunset-time-_preview.mp4,cloud
170804_A_Lombok_026_preview.mp4,water
170804_C_Lombok_001_preview.mp4,water
010713166-saba-sunset-clouds_preview.mp4,"water, sunset"
Clip17271013Videvo_preview.mp4,car
_import_62aec5c7f1c230.84098795_preview.mp4,dance
128177537-singapore-city-fountain-and-pe_preview.mp4,water
170609_F_Varanasi_050_preview.mp4,animal
132080839-paris-tree-lined-avenue_preview.mp4,car
HS016_preview.mp4,water
_Argentina a cloud after sunset over Fitz Roy_preview.mp4,cloud
011139863-torres-del-paine-lago-pehoe-ca_preview.mp4,water
_import_6065c421dd66b8.88923114_preview.mp4,food
bees2_preview.mp4,flower
170628_016_preview.mp4,food
_import_615fd719c295d0.10594294_preview.mp4,flower
_import_616e5ebb6151f5.55336006_preview.mp4,animal
000984824-honolulu-late-evening-ala-moan_preview.mp4,"cloud, water"
